Series Name,Series Code,Country Name,Country Code,1990,2000,2015,2016,2017,2018,2019,2020,2021,2022,2023,2024
GDP growth (annual %),NY.GDP.MKTP.KD.ZG,Afghanistan,AFG,..,..,1.451314661,2.260314203,2.647003203,1.189228129,3.911603416,-2.351100672,-20.73883937,-6.240171992,2.266943736,..
GDP growth (annual %),NY.GDP.MKTP.KD.ZG,Albania,ALB,-9.57564017,7.462858718,2.227704075,3.908935514,3.283175933,3.671419281,2.062577902,-3.313756369,8.969576191,4.826696119,3.936616892,3.961719112
GDP growth (annual %),NY.GDP.MKTP.KD.ZG,Algeria,DZA,0.80000058,3.800000002,3.200000001,3.9,1.499999999,1.400000001,0.899999999,-4.999999999,3.799999999,3.600000001,4.1,3.299999999
GDP growth (annual %),NY.GDP.MKTP.KD.ZG,American Samoa,ASM,..,..,3.149606299,-1.679389313,-6.98757764,2.671118531,-0.487804878,4.411764706,-0.782472613,1.735015773,..,..
GDP growth (annual %),NY.GDP.MKTP.KD.ZG,Andorra,AND,3.781387549,3.528362361,1.434140395,3.70967807,0.34607189,1.58876549,2.015547638,-11.18393994,8.28677879,9.564612256,2.58355481,3.371820326
GDP growth (annual %),NY.GDP.MKTP.KD.ZG,Angola,AGO,-3.450098685,3.054624234,0.943571561,-2.580049644,-0.147212941,-1.316361689,-0.702272958,-5.638214717,1.199210521,3.044726524,1.07809952,4.423904529
GDP growth (annual %),NY.GDP.MKTP.KD.ZG,Antigua and Barbuda,ATG,3.011813167,6.203552126,1.421619976,4.120367544,2.71272658,6.712004872,3.172221937,-18.86877652,8.172863112,9.107806234,2.427363001,4.32752145
GDP growth (annual %),NY.GDP.MKTP.KD.ZG,Argentina,ARG,-2.467213778,-0.788998939,2.731159828,-2.080327844,2.818502978,-2.617396463,-2.000861003,-9.900484814,10.44181199,5.269879674,-1.611001621,-1.719105147
GDP growth (annual %),NY.GDP.MKTP.KD.ZG,Armenia,ARM,..,5.900000003,3.199999999,0.2,7.500000002,5.2,7.599999999,-7.199999999,5.800000001,12.6,8.3,5.9
GDP growth (annual %),NY.GDP.MKTP.KD.ZG,Aruba,ABW,3.961401724,7.622920649,-0.623625902,1.71962498,7.048533386,2.3970862,-2.232442027,-26.21182021,24.13262736,8.517918105,4.263719415,..
GDP growth (annual %),NY.GDP.MKTP.KD.ZG,Australia,AUS,3.577410965,3.921502931,2.190169287,2.759385972,2.279591798,2.878469715,2.171545057,-0.119590736,2.111168148,4.242385553,3.4419922,1.43111252
GDP growth (annual %),NY.GDP.MKTP.KD.ZG,Austria,AUT,4.345641838,3.18952293,1.303523318,2.117219645,2.27224992,2.484221141,1.754976196,-6.318255092,4.795328857,5.277894485,-0.954962529,-1.173540536
GDP growth (annual %),NY.GDP.MKTP.KD.ZG,Azerbaijan,AZE,..,11.09999914,1.049546368,-3.063598454,0.153614647,1.500401707,2.479808934,-4.198960792,5.616440269,4.714680379,1.354477318,4.071402105
GDP growth (annual %),NY.GDP.MKTP.KD.ZG,"Bahamas, The",BHS,-1.596249088,4.148419308,0.996748943,-1.156267038,3.371236486,2.398520006,-0.839051301,-20.08955543,17.58689737,10.87745501,3.048774963,3.378506607
GDP growth (annual %),NY.GDP.MKTP.KD.ZG,Bahrain,BHR,4.437997176,5.300069403,2.507872053,3.814993274,4.953835341,2.05258865,2.052877744,-5.911362952,4.350040917,6.180161255,3.878116148,3.017248391
GDP growth (annual %),NY.GDP.MKTP.KD.ZG,Bangladesh,BGD,5.622258162,5.293294719,6.552639878,7.113478213,6.590249998,7.31941263,7.881915151,3.448017551,6.938679124,7.099828776,5.77511237,4.223259113
GDP growth (annual %),NY.GDP.MKTP.KD.ZG,Barbados,BRB,-3.307593308,4.447189628,-0.846098521,1.791930334,0.128446002,-1.174065094,0.652585418,-15.05436295,-0.25496588,17.83286303,4.09382011,3.800000319
GDP growth (annual %),NY.GDP.MKTP.KD.ZG,Belarus,BLR,..,5.800003268,-3.829570558,-2.526446436,2.5321835,3.149197594,1.446455477,-0.672742951,2.438862124,-4.658395916,4.126540072,4.009848525
GDP growth (annual %),NY.GDP.MKTP.KD.ZG,Belgium,BEL,3.137402217,3.716705107,1.474164337,1.19350273,1.474467616,1.877968474,2.442890045,-4.792983908,6.207599813,4.259360737,1.201691782,1.018898625
GDP growth (annual %),NY.GDP.MKTP.KD.ZG,Belize,BLZ,11.44649446,12.24045958,2.876183795,0.054551654,-1.812853541,1.11057125,4.267636896,-13.90291006,17.74617012,9.652977724,1.149016821,8.151789827
GDP growth (annual %),NY.GDP.MKTP.KD.ZG,Benin,BEN,8.97613436,5.857714205,1.77815106,3.339673426,5.671561952,6.697253622,6.865686628,3.8487924,7.155451646,6.252947054,6.352777385,7.453115662
GDP growth (annual %),NY.GDP.MKTP.KD.ZG,Bermuda,BMU,0.019212285,9.317156411,0.7755297,-0.657206304,3.611419837,-0.4328013,0.307106461,-6.827573035,4.607429171,6.476225712,4.917215573,2.105368822
GDP growth (annual %),NY.GDP.MKTP.KD.ZG,Bhutan,BTN,10.38311791,3.355068382,6.660801289,8.475943392,2.086845227,3.501871857,5.755148512,-10.21839742,4.421367389,5.213867838,4.882593963,..
GDP growth (annual %),NY.GDP.MKTP.KD.ZG,Bolivia,BOL,4.635787428,2.507810809,4.85718718,4.263920864,4.195206334,4.223623653,2.21670564,-8.737884358,6.111372697,3.605680426,3.08196521,1.38468279
GDP growth (annual %),NY.GDP.MKTP.KD.ZG,Bosnia and Herzegovina,BIH,..,5.41431595,4.314750611,3.242255212,3.244100959,3.827499205,2.887343344,-3.015095148,7.38996234,4.226811011,1.994395203,2.480047084
GDP growth (annual %),NY.GDP.MKTP.KD.ZG,Botswana,BWA,6.77282195,1.987695834,-4.851325046,7.204424759,4.11437856,4.18869239,3.031773371,-8.728882411,11.91627241,5.486017064,3.208068122,-2.989868795
GDP growth (annual %),NY.GDP.MKTP.KD.ZG,Brazil,BRA,-4.35,4.387949447,-3.545763393,-3.275916908,1.322869054,1.783666762,1.220777824,-3.276758796,4.762604379,3.016694354,3.241655329,3.395866455
GDP growth (annual %),NY.GDP.MKTP.KD.ZG,British Virgin Islands,VGB,..,..,..,..,..,..,..,..,..,..,..,..
GDP growth (annual %),NY.GDP.MKTP.KD.ZG,Brunei Darussalam,BRN,2.643073566,3.47467625,-0.392383488,-2.477917765,1.328726513,0.052371054,3.868844164,1.133573406,-1.590762481,-1.62833154,1.127644192,4.200372735
GDP growth (annual %),NY.GDP.MKTP.KD.ZG,Bulgaria,BGR,-9.117377096,4.58722551,3.397553259,3.026628931,2.745926447,2.549464347,3.788850365,-3.215737434,7.780614814,4.038777583,1.886814839,2.810827752
GDP growth (annual %),NY.GDP.MKTP.KD.ZG,Burkina Faso,BFA,-0.602928478,1.888473889,3.921228794,5.957976708,6.203489411,6.604569068,5.889204971,2.010772624,6.942524926,1.497239741,2.960181474,4.985103006
GDP growth (annual %),NY.GDP.MKTP.KD.ZG,Burundi,BDI,3.499822136,-0.856864058,-3.90000008,-0.600000909,0.500001262,1.609935421,1.812565324,0.327156893,3.099999999,1.848999439,2.665539604,3.489231748
GDP growth (annual %),NY.GDP.MKTP.KD.ZG,Cabo Verde,CPV,0.692171874,14.28486885,0.936026508,4.280714827,4.55131481,3.706964583,6.947826341,-20.8052759,7.033530107,15.84367568,5.391144274,7.271881472
GDP growth (annual %),NY.GDP.MKTP.KD.ZG,Cambodia,KHM,1.162311848,9.993580323,7.207034725,7.905501161,8.075039155,8.776223762,7.936950136,-3.555721934,3.089842842,5.129901108,5.007330438,6.015814574
GDP growth (annual %),NY.GDP.MKTP.KD.ZG,Cameroon,CMR,-6.105697646,3.832417794,5.666952987,4.535794237,3.541176549,3.955514239,3.475059982,0.259932916,3.338857472,3.736784006,3.248344978,3.670742847
GDP growth (annual %),NY.GDP.MKTP.KD.ZG,Canada,CAN,0.202947874,5.13853918,0.649971002,1.038550925,3.033834912,2.742963449,1.908431946,-5.038233435,5.950528028,4.189036281,1.528745508,1.528081109
GDP growth (annual %),NY.GDP.MKTP.KD.ZG,Cayman Islands,CYM,..,..,2.833122226,3.239974339,3.184045923,4.267267452,3.915635342,-4.954806408,4.904929413,5.156329542,4.359675957,..
GDP growth (annual %),NY.GDP.MKTP.KD.ZG,Central African Republic,CAF,-2.147528066,-2.48943244,4.33712103,4.750316841,4.527278213,3.789443593,3.1,0.899999997,0.982919996,0.453901882,0.69996839,1.539632475
GDP growth (annual %),NY.GDP.MKTP.KD.ZG,Chad,TCD,-4.178472373,-0.879681025,3.310885674,-4.129928372,-1.627993671,5.741115808,5.388656469,-0.408894363,0.293979163,12.89661643,4.117451792,3.654451105
GDP growth (annual %),NY.GDP.MKTP.KD.ZG,Channel Islands,CHI,..,..,0.374367084,1.213024077,1.806481314,1.122243566,1.573355962,-8.896779266,9.93680137,5.341961404,3.715005904,..
GDP growth (annual %),NY.GDP.MKTP.KD.ZG,Chile,CHL,3.598723047,4.971621488,2.1519425,1.753038749,1.357695373,3.990029478,0.634367534,-6.143474792,11.31492049,2.153993562,0.521367977,2.644311549
GDP growth (annual %),NY.GDP.MKTP.KD.ZG,China,CHN,3.941630598,8.586432018,6.978780027,6.775555628,6.891266362,6.756718002,6.068502351,2.340188431,8.570085132,3.134188872,5.414843301,4.977356592
GDP growth (annual %),NY.GDP.MKTP.KD.ZG,Colombia,COL,4.281998331,2.924861482,2.955901375,2.087382502,1.359360868,2.564324283,3.186855392,-7.185914138,10.80119819,7.328277294,0.712380032,1.74380145
GDP growth (annual %),NY.GDP.MKTP.KD.ZG,Comoros,COM,5.091236413,10.84787862,1.992064687,2.780228542,5.596189521,4.059605937,3.628770244,4.005317935,2.725798451,2.818395066,3.064662369,3.388783506
GDP growth (annual %),NY.GDP.MKTP.KD.ZG,"Congo, Dem. Rep.",COD,-6.568310695,-6.910927317,6.916167119,2.399398911,3.726947659,5.8211211,4.384528874,1.735422767,6.200154011,8.924447851,8.609089723,6.67593029
GDP growth (annual %),NY.GDP.MKTP.KD.ZG,"Congo, Rep.",COG,1.000003566,7.575980395,0.415193061,-8.685243439,-5.594773719,-2.304317801,1.12447392,-6.26777228,1.01507037,1.475356132,1.906864263,2.579666395
GDP growth (annual %),NY.GDP.MKTP.KD.ZG,Costa Rica,CRI,3.553063366,3.86871809,3.652080968,4.204323252,4.157698963,2.615904404,2.417511818,-4.273354322,7.935762247,4.55149178,5.111921832,4.321224296
GDP growth (annual %),NY.GDP.MKTP.KD.ZG,Cote d'Ivoire,CIV,-1.095908412,-0.265789462,7.194949427,7.17275964,7.410762426,4.843146059,6.721371676,0.699728593,7.063329102,6.399883627,6.450457969,5.95
GDP growth (annual %),NY.GDP.MKTP.KD.ZG,Croatia,HRV,..,2.945252995,2.323175158,3.461129474,3.280958121,2.904681493,3.100439114,-8.311642579,12.63170033,7.287936432,3.302544881,3.814945217
GDP growth (annual %),NY.GDP.MKTP.KD.ZG,Cuba,CUB,-2.948564945,5.914760174,4.438333589,0.512843096,1.809791772,2.247948541,-0.163087224,-10.9490846,1.253693425,1.775048798,-1.929371232,..
GDP growth (annual %),NY.GDP.MKTP.KD.ZG,Curacao,CUW,..,..,0.458151544,-1.067708487,-1.276208101,-2.104111331,-3.206131719,-18.43847035,4.183711931,7.923,4.202,..
GDP growth (annual %),NY.GDP.MKTP.KD.ZG,Cyprus,CYP,7.403999511,5.965304455,3.418920389,6.573590809,5.750832366,6.271663601,5.875595834,-3.220630186,11.38818927,7.204867807,2.763909754,3.448061704
GDP growth (annual %),NY.GDP.MKTP.KD.ZG,Czechia,CZE,..,4.01066962,4.958758489,2.580870139,5.1735653,2.830305883,3.565776581,-5.304879555,4.029018321,2.847170658,-0.05526182,1.120384627
GDP growth (annual %),NY.GDP.MKTP.KD.ZG,Denmark,DNK,1.660267742,3.724008995,2.104414564,3.073045492,3.056477239,1.86000749,1.711400939,-1.780106018,7.382066334,1.540173074,2.495184345,3.67619735
GDP growth (annual %),NY.GDP.MKTP.KD.ZG,Djibouti,DJI,..,..,7.308985635,7.123432337,5.458091517,4.774339349,5.545080812,1.202115173,4.407156676,5.166537029,7.372071487,5.953829989
GDP growth (annual %),NY.GDP.MKTP.KD.ZG,Dominica,DMA,5.417983511,2.340219321,-3.373382625,1.447245565,-7.544363755,2.96401061,3.948097579,-15.70640245,5.37983839,10.39680766,3.652210122,2.052738473
GDP growth (annual %),NY.GDP.MKTP.KD.ZG,Dominican Republic,DOM,-5.454312395,4.651725503,6.987711312,6.719740787,3.933861764,7.097516402,4.894030115,-7.929052342,14.01242891,5.237956529,2.192298482,4.951696872
GDP growth (annual %),NY.GDP.MKTP.KD.ZG,Ecuador,ECU,3.679914053,1.091801647,0.119692109,-0.687954246,5.97039881,1.044294607,0.165404465,-9.245096192,9.42189269,5.868423549,1.98823814,-2.001254763
GDP growth (annual %),NY.GDP.MKTP.KD.ZG,"Egypt, Arab Rep.",EGY,5.667029157,6.37000383,4.372019078,4.346643456,4.181221,5.331108619,5.552093072,3.550164838,3.290646012,6.587845609,3.760280523,2.399169268
GDP growth (annual %),NY.GDP.MKTP.KD.ZG,El Salvador,SLV,4.832900578,1.127906977,2.400000089,2.539062411,2.247619081,2.412444224,2.437471591,-7.89310136,11.9047617,2.954615165,3.539156693,2.602020161
GDP growth (annual %),NY.GDP.MKTP.KD.ZG,Equatorial Guinea,GNQ,-1.758564085,18.21377996,-9.110041149,-8.816417232,-5.667508505,-6.236544067,-5.481825379,-4.791080834,0.860269956,3.223508317,-5.089308721,0.907248246
GDP growth (annual %),NY.GDP.MKTP.KD.ZG,Eritrea,ERI,..,-3.141985903,..,..,..,..,..,..,..,..,..,..
GDP growth (annual %),NY.GDP.MKTP.KD.ZG,Estonia,EST,..,10.08763858,1.838152629,3.093019208,5.63467249,3.699697562,3.726649435,-2.883807515,7.154446763,0.060430517,-3.023038745,-0.26100621
GDP growth (annual %),NY.GDP.MKTP.KD.ZG,Eswatini,SWZ,21.01800054,1.760173641,2.046930151,4.675845837,1.456792976,0.256586002,6.083176451,-2.862882137,3.434968912,1.119590668,3.444478312,2.640704616
GDP growth (annual %),NY.GDP.MKTP.KD.ZG,Ethiopia,ETH,2.726451783,6.07321748,10.39246302,9.433482658,9.564189658,6.816147786,8.364085733,6.059530891,5.641530693,5.321759884,6.594245994,7.316691128
GDP growth (annual %),NY.GDP.MKTP.KD.ZG,Faroe Islands,FRO,..,..,0.958001934,1.386447959,3.512013675,2.763709523,4.538510287,-1.63732118,5.504380173,3.556023804,2.489058117,..
GDP growth (annual %),NY.GDP.MKTP.KD.ZG,Fiji,FJI,5.800002724,-1.699998416,4.50120041,2.445651797,5.35336456,3.812351222,-0.581946709,-17.03866737,-4.881036196,19.79272669,7.524291351,3.828998887
GDP growth (annual %),NY.GDP.MKTP.KD.ZG,Finland,FIN,0.691649918,5.753737705,0.466503766,2.571934149,3.303370036,1.192977597,1.349738457,-2.491036055,2.676346415,0.763041913,-0.946904863,-0.154214821
GDP growth (annual %),NY.GDP.MKTP.KD.ZG,France,FRA,2.829627153,4.140999964,1.066754748,0.860031075,2.08361486,1.645908724,2.027446464,-7.440645899,6.882337834,2.570840476,0.936487519,1.166138515
GDP growth (annual %),NY.GDP.MKTP.KD.ZG,French Polynesia,PYF,0.129883207,3.245411013,1.803340815,2.302198237,4.292633631,1.871231911,2.700012067,-7.050944221,2.094529907,4.4663797,2.996927078,..
GDP growth (annual %),NY.GDP.MKTP.KD.ZG,Gabon,GAB,5.192237277,-1.882966398,3.878899395,2.091442208,0.472642031,0.837916581,3.920808795,-1.837761064,1.467957315,3.037614495,2.445880831,3.383907608
GDP growth (annual %),NY.GDP.MKTP.KD.ZG,"Gambia, The",GMB,3.558879368,5.500000216,4.058073804,1.943359655,4.822611249,7.234890333,6.22205316,0.591487288,5.255968788,5.492998255,4.797508945,5.746717655
GDP growth (annual %),NY.GDP.MKTP.KD.ZG,Georgia,GEO,-14.78878505,1.840381179,3.351023503,3.45021518,5.159902617,6.062036413,5.380719266,-6.290471785,10.64423366,10.95853214,7.832201266,9.428572202
GDP growth (annual %),NY.GDP.MKTP.KD.ZG,Germany,DEU,5.255006097,2.877245956,1.652719787,2.294710664,2.716024546,1.116443109,0.98789335,-4.095137517,3.669999884,1.369731046,-0.266438401,-0.238526858
GDP growth (annual %),NY.GDP.MKTP.KD.ZG,Ghana,GHA,3.328817883,3.700000082,2.120759338,3.37346575,8.128894881,6.200077681,6.507774794,0.513941671,5.076466435,3.80484981,3.140090998,5.684872604
GDP growth (annual %),NY.GDP.MKTP.KD.ZG,Gibraltar,GIB,..,..,..,..,..,..,..,..,..,..,..,..
GDP growth (annual %),NY.GDP.MKTP.KD.ZG,Greece,GRC,0,4.137826994,-0.228301892,-0.031794768,1.473124727,2.064672079,2.277180653,-9.196231497,8.65449786,5.743649025,2.332124449,2.271736226
GDP growth (annual %),NY.GDP.MKTP.KD.ZG,Greenland,GRL,-11.71953299,7.101596882,-2.529318024,4.68195411,0.052728183,0.623065429,2.832177568,0.250789762,1.63409411,2.004555809,0.865961987,..
GDP growth (annual %),NY.GDP.MKTP.KD.ZG,Grenada,GRD,4.012611916,4.887952137,6.445223147,3.739603956,4.438675669,4.361440394,0.676511739,-13.75662226,4.687478169,7.320740616,4.679761816,3.693059328
GDP growth (annual %),NY.GDP.MKTP.KD.ZG,Guam,GUM,..,..,0.825688073,0.181983621,0.890099909,-0.828231905,2.523602033,-10.51885957,2.058183257,5.099864262,..,..
GDP growth (annual %),NY.GDP.MKTP.KD.ZG,Guatemala,GTM,3.102563176,3.608868717,4.092170721,2.677802733,3.079851271,3.406873465,4.017897934,-1.785551945,8.041703837,4.184518087,3.533156701,3.651864629
GDP growth (annual %),NY.GDP.MKTP.KD.ZG,Guinea,GIN,4.324062755,2.503060563,3.825910569,10.8206272,10.30000534,6.358491927,5.616914469,4.704590961,5.582332811,3.972407842,5.541726686,5.668523935
GDP growth (annual %),NY.GDP.MKTP.KD.ZG,Guinea-Bissau,GNB,6.099999986,1.100278158,6.134089362,5.432678265,4.663679439,3.761453596,5.565745336,2.128114901,5.237366406,5.58513728,4.463699361,4.813485952
GDP growth (annual %),NY.GDP.MKTP.KD.ZG,Guyana,GUY,-3.067484664,-1.363803903,0.687404591,3.807456264,3.734491546,4.440912885,5.352840035,43.47965172,20.05999756,63.33463437,33.79501112,43.37200948
GDP growth (annual %),NY.GDP.MKTP.KD.ZG,Haiti,HTI,1.038122802,0.870059259,1.400000009,1.812468078,2.510271345,1.667810955,-1.723096998,-3.30550547,-1.798239889,-1.681983969,-1.863884203,-4.169633958
GDP growth (annual %),NY.GDP.MKTP.KD.ZG,Honduras,HND,2.79174895,7.291288159,3.840079971,3.892972197,4.842913911,3.84499477,2.559634346,-8.965082233,12.56528438,4.14356194,3.575847605,3.553970033
GDP growth (annual %),NY.GDP.MKTP.KD.ZG,"Hong Kong SAR, China",HKG,3.830574562,7.663408266,2.387783395,2.175436928,3.796113581,2.846934576,-1.672395165,-6.544783202,6.454424733,-3.683751417,3.214489017,2.541197539
GDP growth (annual %),NY.GDP.MKTP.KD.ZG,Hungary,HUN,-3.496659762,4.409375018,3.659816154,2.438641413,4.124183895,5.606138138,5.077184951,-4.3387254,7.222915808,4.270347552,-0.842528841,0.512305791
GDP growth (annual %),NY.GDP.MKTP.KD.ZG,Iceland,ISL,1.169370309,4.98504276,4.436663739,6.303687125,4.194948789,4.889173002,1.861177946,-6.940453068,5.033406131,8.978970852,5.646461819,0.516863122
GDP growth (annual %),NY.GDP.MKTP.KD.ZG,India,IND,5.533454561,3.840991157,7.996253786,8.256305502,6.795383419,6.453851345,3.871436941,-5.777724707,9.689592492,7.609364978,9.19075493,6.48422363
GDP growth (annual %),NY.GDP.MKTP.KD.ZG,Indonesia,IDN,7.242131639,4.920067747,4.8763223,5.033069183,5.069785901,5.17429154,5.01928768,-2.065511829,3.702885628,5.307197227,5.049023318,5.030344694
GDP growth (annual %),NY.GDP.MKTP.KD.ZG,"Iran, Islamic Rep.",IRN,13.59492644,5.845527476,-1.424884939,8.815086643,2.758505246,-1.838007571,-3.070587985,3.330288459,4.719777732,3.776631402,5.044890195,3.040000309
GDP growth (annual %),NY.GDP.MKTP.KD.ZG,Iraq,IRQ,57.81782835,16.79613444,2.606766429,13.78737302,-1.819750351,2.633850991,5.513790575,-12.03679309,1.50218071,7.95904805,0.517705525,-1.545251983
GDP growth (annual %),NY.GDP.MKTP.KD.ZG,Ireland,IRL,8.466527263,9.403524643,24.6155699,1.222638492,10.04962848,7.544342141,5.040549962,7.1578988,16.25561352,8.619503456,-5.530007389,1.221334299
GDP growth (annual %),NY.GDP.MKTP.KD.ZG,Isle of Man,IMN,4.186976897,5.300001526,-0.385866882,6.952302849,2.837758071,2.213397539,0.254877847,-8.836816975,3.837836323,-4.165393452,..,..
GDP growth (annual %),NY.GDP.MKTP.KD.ZG,Israel,ISR,7.315199194,8.582089424,2.237603175,4.459782719,4.346931167,4.003898622,3.710496328,-2.021615482,9.388374034,6.263263438,1.826520495,0.871968424
GDP growth (annual %),NY.GDP.MKTP.KD.ZG,Italy,ITA,1.985774918,3.882098851,0.885667635,1.236221085,1.603699953,0.826646712,0.429162534,-8.868221222,8.931062108,4.821176699,0.715372501,0.72579238
GDP growth (annual %),NY.GDP.MKTP.KD.ZG,Jamaica,JAM,4.200535115,0.878703548,0.921487125,1.375223064,0.997123062,1.889923681,0.892291654,-9.920322451,4.6014245,5.221519852,2.604663055,-0.718806912
GDP growth (annual %),NY.GDP.MKTP.KD.ZG,Japan,JPN,4.840929057,2.764647551,1.560626697,0.753826746,1.675331752,0.643391024,-0.402169201,-4.168764571,2.696574042,0.941998775,1.475034811,0.083698564
GDP growth (annual %),NY.GDP.MKTP.KD.ZG,Jordan,JOR,-0.275903908,4.245711921,2.496528793,1.994180849,2.473598154,1.919070913,1.751240779,-1.102751883,3.65564359,2.647435149,2.884083393,2.488894096
GDP growth (annual %),NY.GDP.MKTP.KD.ZG,Kazakhstan,KAZ,..,9.800000002,1.200000001,1.099999999,4.100000003,4.099999993,4.500000001,-2.499999996,4.299999997,3.2,5.1,4.8
GDP growth (annual %),NY.GDP.MKTP.KD.ZG,Kenya,KEN,4.192050972,0.599695391,4.967721128,4.213517068,3.837958174,5.647946407,5.114158858,-0.272766327,7.590489473,4.859981043,5.555873013,4.496498285
GDP growth (annual %),NY.GDP.MKTP.KD.ZG,Kiribati,KIR,-6.385334336,6.742665313,11.26532094,7.088034658,3.749117826,3.479439721,3.264287565,-1.468067181,8.479737871,4.566325931,2.652010875,5.266899264
GDP growth (annual %),NY.GDP.MKTP.KD.ZG,"Korea, Dem. People's Rep.",PRK,..,..,..,..,..,..,..,..,..,..,..,..
GDP growth (annual %),NY.GDP.MKTP.KD.ZG,"Korea, Rep.",KOR,9.877552502,9.060833325,2.809103268,2.946881715,3.15963574,2.907403774,2.24397786,-0.709415359,4.304734819,2.612672192,1.356733243,..
GDP growth (annual %),NY.GDP.MKTP.KD.ZG,Kosovo,XKX,..,..,5.916231283,5.571775047,4.825655653,3.406632271,4.75680057,-5.340275478,10.74565608,4.278498958,4.067627014,4.412738288
GDP growth (annual %),NY.GDP.MKTP.KD.ZG,Kuwait,KWT,-26.22889252,4.694581871,0.592770733,2.926075877,-4.712222701,2.743330539,2.263816906,-4.817789823,1.672636896,6.758667047,-1.667205897,-2.560111133
GDP growth (annual %),NY.GDP.MKTP.KD.ZG,Kyrgyz Republic,KGZ,5.702796633,5.443336633,3.875825445,4.335855922,4.739937224,3.757910136,4.600625657,-7.148977577,5.507007627,8.9675052,9.013292834,9.040135561
GDP growth (annual %),NY.GDP.MKTP.KD.ZG,Lao PDR,LAO,6.704578691,5.798782329,7.270065844,7.022836255,6.892530873,6.247960008,5.457735092,0.503031829,2.528351005,2.707426526,3.745681402,4.258257247
GDP growth (annual %),NY.GDP.MKTP.KD.ZG,Latvia,LVA,..,5.841026424,3.783367121,2.55168602,3.398948726,4.309712863,0.675372772,-3.469227508,6.942541731,1.80677198,2.854218001,-0.442491126
GDP growth (annual %),NY.GDP.MKTP.KD.ZG,Lebanon,LBN,26.53316009,1.34187162,0.462320793,1.554549409,0.903028464,-1.884705756,-6.914924729,-21.39989969,-7.001238625,-0.621678971,-0.76058447,..
GDP growth (annual %),NY.GDP.MKTP.KD.ZG,Lesotho,LSO,6.04547333,3.875546776,3.12406678,3.608907317,-3.138174937,-1.480633158,-1.417993831,-8.155958799,2.26671067,2.387780202,1.826625259,2.762238185
GDP growth (annual %),NY.GDP.MKTP.KD.ZG,Liberia,LBR,-51.03086495,28.61593425,-0.01856497,-1.554958617,2.45515592,1.157575122,-2.467297635,-2.982491276,4.986712835,4.808105173,4.683756888,4.792914822
GDP growth (annual %),NY.GDP.MKTP.KD.ZG,Libya,LBY,3.720131634,3.679270408,-0.842656252,-1.490941117,32.49180219,7.941367853,-11.19608289,-29.45529673,28.33346246,-8.251630041,10.15581818,-0.605832527
GDP growth (annual %),NY.GDP.MKTP.KD.ZG,Liechtenstein,LIE,2.252870996,3.220193082,..,..,..,..,..,..,..,..,..,..
GDP growth (annual %),NY.GDP.MKTP.KD.ZG,Lithuania,LTU,..,3.418622066,2.832806433,2.671922151,4.612243103,4.918367801,4.677351835,0.042815834,6.380016062,2.53752574,0.342262716,2.772631245
GDP growth (annual %),NY.GDP.MKTP.KD.ZG,Luxembourg,LUX,5.319933368,6.938129761,2.269784233,4.978190115,1.317187138,1.611295613,2.749319291,-0.510051634,6.929734258,-1.095053512,-0.693632728,1.031616713
GDP growth (annual %),NY.GDP.MKTP.KD.ZG,"Macao SAR, China",MAC,7.979376105,5.746591005,-21.51429324,-0.679183618,9.860051514,6.405279157,-2.56341515,-54.33610627,23.53589132,-19.60934493,75.06185714,8.808159685
GDP growth (annual %),NY.GDP.MKTP.KD.ZG,Madagascar,MDG,3.12890505,4.45685894,3.132298075,3.993146062,3.933307595,3.194356517,4.411232129,-7.137671621,4.650683432,4.156097784,4.203046158,4.2
GDP growth (annual %),NY.GDP.MKTP.KD.ZG,Malawi,MWI,5.692294634,1.576077626,2.8,2.499999999,4.000000001,4.353564716,5.716825192,0.79359643,4.55829212,0.921115069,1.892457988,1.82685
GDP growth (annual %),NY.GDP.MKTP.KD.ZG,Malaysia,MYS,9.008527138,8.85886817,5.091532422,4.449781398,5.81272241,4.843086976,4.413187421,-5.456846584,3.315349544,8.861821876,3.555487154,5.114155478
GDP growth (annual %),NY.GDP.MKTP.KD.ZG,Maldives,MDV,16.95229745,3.845810232,3.868135336,6.375283031,7.074428717,8.568955597,6.923059808,-32.90882873,37.50787,13.82608953,4.72639195,5.133962231
GDP growth (annual %),NY.GDP.MKTP.KD.ZG,Mali,MLI,-2.502395103,-0.060834972,5.974716101,6.005063086,5.375547696,4.867849999,4.999999117,-1.16907501,3.100941244,3.50828279,4.71716104,5.004545937
GDP growth (annual %),NY.GDP.MKTP.KD.ZG,Malta,MLT,6.291390958,19.68126926,9.621097562,4.077719295,12.97211934,7.189096537,4.084706028,-3.358342532,13.29978932,4.26931853,6.796313111,5.969281961
GDP growth (annual %),NY.GDP.MKTP.KD.ZG,Marshall Islands,MHL,2.67624654,2.454430069,1.885745979,2.504082744,3.558151885,5.487179487,10.45211473,-2.772887324,1.222272522,-1.118067979,-3.934871099,2.770968022
GDP growth (annual %),NY.GDP.MKTP.KD.ZG,Mauritania,MRT,-1.771304533,-3.918025852,5.376339241,1.260909231,6.270545669,4.772173657,3.141004893,-0.360657384,0.742715395,6.796005102,6.507187199,5.2
GDP growth (annual %),NY.GDP.MKTP.KD.ZG,Mauritius,MUS,7.186736771,8.202791749,3.690556904,3.862468263,3.937983806,4.006740572,2.891284993,-14.54653815,3.403798662,8.693066753,5.007813818,4.693903184
GDP growth (annual %),NY.GDP.MKTP.KD.ZG,Mexico,MEX,5.250043299,5.029283994,2.702323448,1.772493234,1.871728542,1.972082077,-0.392690505,-8.354034566,6.048483457,3.710988931,3.295390957,1.454062478
GDP growth (annual %),NY.GDP.MKTP.KD.ZG,"Micronesia, Fed. Sts.",FSM,3.740926857,4.833903786,4.621884004,0.484101802,0.823045267,0,4.081632653,-1.672954171,3.099704573,-2.905865806,0.482147762,0.719083512
GDP growth (annual %),NY.GDP.MKTP.KD.ZG,Moldova,MDA,..,2.107716082,-0.338235622,4.646014363,4.175612051,4.075595466,3.552314085,-8.27597832,13.92999979,-4.6,1.2,0.103059412
GDP growth (annual %),NY.GDP.MKTP.KD.ZG,Monaco,MCO,2.643454171,3.910229928,4.910371765,3.008443588,-3.206183238,5.697901212,7.12088952,-13.23910483,22.23221559,11.04693943,5.043382592,..
GDP growth (annual %),NY.GDP.MKTP.KD.ZG,Mongolia,MNG,-3.184460178,1.146062137,2.379835807,1.489784487,5.636876387,7.74488062,5.602244221,-4.557751976,1.636769577,5.032709637,7.422112762,4.864001434
GDP growth (annual %),NY.GDP.MKTP.KD.ZG,Montenegro,MNE,..,3.100000059,3.390381397,2.949280321,4.716465276,5.077888811,4.062944992,-15.30689376,13.04346425,6.406680329,6.337697542,3.040315798
GDP growth (annual %),NY.GDP.MKTP.KD.ZG,Morocco,MAR,3.411812226,2.582180915,4.344582976,0.521185506,5.057898162,3.06564133,2.890974761,-7.178207442,8.154738898,1.52720358,3.403341301,3.236513735
GDP growth (annual %),NY.GDP.MKTP.KD.ZG,Mozambique,MOZ,0.999992834,0.766234956,7.393093699,4.696990242,2.638207373,3.484932024,2.317813948,-1.2195225,2.377435728,4.364450744,5.436859123,1.851775025
GDP growth (annual %),NY.GDP.MKTP.KD.ZG,Myanmar,MMR,2.816933273,13.74593056,6.99284029,5.862472915,6.136108244,6.268862215,6.579110068,-9.04834718,-12.01637248,4.037493436,0.958446625,-0.972046414
GDP growth (annual %),NY.GDP.MKTP.KD.ZG,Namibia,NAM,2.04745994,3.492183364,4.264174538,0.03379445,-1.027248089,1.059939499,-0.839152163,-8.101402014,3.603829192,5.398724762,4.442806038,3.711544974
GDP growth (annual %),NY.GDP.MKTP.KD.ZG,Nauru,NRU,-2.816747,-6.856193465,2.698017274,4.363240539,-6.011229987,-1.219122015,8.486736592,1.981819494,7.206594666,2.951518346,0.646410335,1.760251622
GDP growth (annual %),NY.GDP.MKTP.KD.ZG,Nepal,NPL,4.635036347,6.199999982,3.976053272,0.433113719,8.977279356,7.622376104,6.657055431,-2.369620629,4.838149614,5.631314557,1.982548436,3.665374307
GDP growth (annual %),NY.GDP.MKTP.KD.ZG,Netherlands,NLD,4.183222792,4.219753776,2.120605239,2.42428573,2.781546193,2.258740374,2.300091579,-3.867953338,6.276830671,5.007234552,0.074560835,0.979674922
GDP growth (annual %),NY.GDP.MKTP.KD.ZG,New Caledonia,NCL,3.600001272,2.100108827,..,..,..,3.995707282,-1.400000002,-2.400000001,-2.099999998,3.499999996,..,..
GDP growth (annual %),NY.GDP.MKTP.KD.ZG,New Zealand,NZL,0.153140654,2.870051088,3.690369084,3.779110684,3.378732195,3.470582039,2.31747144,-0.307246896,4.535405657,3.496386865,1.394251816,-0.126462419
GDP growth (annual %),NY.GDP.MKTP.KD.ZG,Nicaragua,NIC,-0.052499721,4.101590251,4.792267683,4.563147395,4.631207576,-3.36335666,-2.896869867,-2.236541763,10.45438948,3.550299456,4.427743848,3.587830229
GDP growth (annual %),NY.GDP.MKTP.KD.ZG,Niger,NER,-1.308478285,-1.208477741,4.392648832,5.740893151,5.005360786,7.211418028,5.939852571,3.550641094,1.383596362,11.9,1.667634065,8.421597895
GDP growth (annual %),NY.GDP.MKTP.KD.ZG,Nigeria,NGA,11.77688593,5.015934759,2.652693295,-1.616868949,0.805886619,1.922757342,2.208429277,-1.794253083,3.647186541,3.251681408,2.860214991,3.426439471
GDP growth (annual %),NY.GDP.MKTP.KD.ZG,North Macedonia,MKD,..,4.549135783,3.85586514,2.848205194,1.081772738,2.88059671,3.910419538,-4.68845001,4.51067949,2.758884153,2.072542088,2.756249173
GDP growth (annual %),NY.GDP.MKTP.KD.ZG,Northern Mariana Islands,MNP,..,..,3.383458647,29.21212121,23.17073171,-19.49733435,-11.4474929,-29.05982906,4.969879518,16.64275466,..,..
GDP growth (annual %),NY.GDP.MKTP.KD.ZG,Norway,NOR,1.932291307,3.318945701,1.857339716,1.164724239,2.463746266,0.828931501,1.12374695,-1.278171772,3.908686768,3.246228603,0.072120481,2.100453278
GDP growth (annual %),NY.GDP.MKTP.KD.ZG,Oman,OMN,-0.130425738,6.192410637,5.017057997,5.046423946,0.304057566,1.287103915,-1.128638017,-3.379720527,2.582174989,7.985707284,1.187134896,1.67407663
GDP growth (annual %),NY.GDP.MKTP.KD.ZG,Pakistan,PAK,4.458586815,4.260088011,4.217942096,6.573838285,4.432625907,6.151702611,2.497636929,-1.274087443,6.513885759,4.778106869,-0.039838972,3.234784432
GDP growth (annual %),NY.GDP.MKTP.KD.ZG,Palau,PLW,5.436506695,-2.603902465,8.19997983,-0.439989268,-3.260018455,0.11000834,0.200015069,-5.999433925,-13.79389322,-1.318427167,1.877031984,..
GDP growth (annual %),NY.GDP.MKTP.KD.ZG,Panama,PAN,8.098993007,4.209005479,5.266917196,4.571967079,5.744059464,3.918198074,3.103067886,-17.82122997,16.46712492,10.76966587,7.399301556,2.861666635
GDP growth (annual %),NY.GDP.MKTP.KD.ZG,Papua New Guinea,PNG,-3.012169222,-2.494841993,6.578356323,5.489573153,3.534610818,-0.279252285,4.480514569,-3.167432044,-0.511353419,5.707584042,3.810886229,4.095029002
GDP growth (annual %),NY.GDP.MKTP.KD.ZG,Paraguay,PRY,4.123282879,-2.314140568,2.957151735,4.268025833,4.810078856,3.204250341,-0.401855101,-0.819785391,4.016737318,0.176038366,4.999227911,4.249960105
GDP growth (annual %),NY.GDP.MKTP.KD.ZG,Peru,PER,-4.982563536,2.694371398,3.252244772,3.953318715,2.518835442,3.969351341,2.240631769,-10.9333065,13.36262409,2.809033553,-0.403242151,3.303940982
GDP growth (annual %),NY.GDP.MKTP.KD.ZG,Philippines,PHL,3.082672529,4.382505001,6.348309717,7.14945675,6.930988326,6.341485572,6.118525662,-9.51829474,5.714733132,7.580982128,5.518949679,5.692016128
GDP growth (annual %),NY.GDP.MKTP.KD.ZG,Poland,POL,..,4.65633253,4.431767003,3.031177676,5.152457733,6.245858472,4.580458173,-2.035568824,6.927182661,5.255456974,0.249610834,2.923388081
GDP growth (annual %),NY.GDP.MKTP.KD.ZG,Portugal,PRT,3.950523172,3.81617712,1.589798029,2.004141286,3.314720564,2.94628244,2.745684796,-8.204632012,5.558757716,6.985841781,2.613128544,1.92844406
GDP growth (annual %),NY.GDP.MKTP.KD.ZG,Puerto Rico (US),PRI,-2.840540727,3.271964519,-1.049290032,-1.263694348,-2.885218384,-4.361427032,1.675463795,-4.180874309,0.38522272,2.957095655,0.498101252,3.226705422
GDP growth (annual %),NY.GDP.MKTP.KD.ZG,Qatar,QAT,3.414462082,8.028125452,4.753345724,3.064191884,-1.497604702,1.234872202,0.688240955,-3.55760399,1.626846719,4.18500971,1.187159916,2.768414336
GDP growth (annual %),NY.GDP.MKTP.KD.ZG,Romania,ROU,..,2.461216469,3.157036054,2.859932523,8.195478266,6.120930007,3.92326385,-3.674384409,5.545709626,3.965307663,2.404271779,0.813687203
GDP growth (annual %),NY.GDP.MKTP.KD.ZG,Russian Federation,RUS,-2.999995642,10.00006681,-1.972719226,0.193690071,1.825790064,2.807245411,2.198075713,-2.653654501,5.866491773,-1.435882139,4.082524813,4.344374755
GDP growth (annual %),NY.GDP.MKTP.KD.ZG,Rwanda,RWA,-2.399291098,8.370895935,8.856855597,5.970745254,3.918170936,8.516467226,9.447385186,-3.373687464,10.85843202,8.161207209,8.24990302,8.890655296
GDP growth (annual %),NY.GDP.MKTP.KD.ZG,Samoa,WSM,-4.421450884,5.093044692,3.850361817,7.983862878,1.4062824,-0.609647103,4.451858917,-3.108444011,-7.078830943,-5.3062909,9.20864924,9.422350442
GDP growth (annual %),NY.GDP.MKTP.KD.ZG,San Marino,SMR,..,2.179379715,2.291505561,2.344405861,0.258265466,1.493905318,2.065685147,-6.647910818,13.89778951,7.898441458,..,..
GDP growth (annual %),NY.GDP.MKTP.KD.ZG,Sao Tome and Principe,STP,-2.152645772,0.448368262,1.539704283,5.176824687,4.112979663,4.378128083,2.014316721,2.624859495,1.899298913,0.168698492,0.372252775,0.900000599
GDP growth (annual %),NY.GDP.MKTP.KD.ZG,Saudi Arabia,SAU,9.426098541,4.718134221,4.655123167,1.704074658,1.182079933,3.22695089,1.651563589,-3.80476473,6.519596983,12.00058748,0.542592439,1.807955151
GDP growth (annual %),NY.GDP.MKTP.KD.ZG,Senegal,SEN,-0.746282224,3.887210958,6.367043651,6.356068572,7.407486186,6.209241034,4.613628097,1.342073773,6.5440011,3.850431937,4.257430833,6.892007403
GDP growth (annual %),NY.GDP.MKTP.KD.ZG,Serbia,SRB,..,6.055092258,1.295738512,2.975197792,2.363393787,4.649350355,4.750207939,-0.950023992,7.949056505,2.630986444,3.847471128,3.878012796
GDP growth (annual %),NY.GDP.MKTP.KD.ZG,Seychelles,SYC,7.454766327,4.253198349,8.914008875,12.11752725,6.954162188,4.939472723,5.514292074,-11.73986083,0.552281631,12.71046889,2.259253223,3.465680664
GDP growth (annual %),NY.GDP.MKTP.KD.ZG,Sierra Leone,SLE,3.349997993,6.652729835,-4.363332621,6.437436528,3.207860877,2.893856412,5.502709374,-1.253349032,5.896852705,5.313554614,5.710021898,4.000000026
GDP growth (annual %),NY.GDP.MKTP.KD.ZG,Singapore,SGP,9.820899557,9.038316326,2.976799316,3.747578488,4.476899158,3.451975966,1.308041182,-3.814708855,9.756804463,4.108000219,1.821406941,4.388023625
GDP growth (annual %),NY.GDP.MKTP.KD.ZG,Sint Maarten (Dutch part),SXM,..,..,0.10581315,0.967758363,-7.535213999,-6.856982992,10.96500094,-13.31678872,4.577596779,9.800001111,3.8,3.5
GDP growth (annual %),NY.GDP.MKTP.KD.ZG,Slovak Republic,SVK,..,0.789224478,5.176879097,1.947818415,2.874733275,4.062119819,2.2758991,-2.585512417,5.699592633,0.437359509,2.168149116,2.061677718
GDP growth (annual %),NY.GDP.MKTP.KD.ZG,Slovenia,SVN,..,3.497919421,2.393306213,3.034414867,5.174402156,4.379083473,3.505253324,-4.085000949,8.389651582,2.699238745,2.112590985,1.591014799
GDP growth (annual %),NY.GDP.MKTP.KD.ZG,Solomon Islands,SLB,2.199999999,-14.27699959,1.676146156,5.554731534,3.075348034,2.745995423,1.748566555,-3.381147541,2.564349754,2.402481436,2.656361867,2.539341917
GDP growth (annual %),NY.GDP.MKTP.KD.ZG,Somalia,SOM,2.326930486,7.110314311,10.46218812,7.0348726,14.7357956,2.054315073,2.824313365,-2.752481039,3.458227929,2.727114296,4.216384326,3.972320809
GDP growth (annual %),NY.GDP.MKTP.KD.ZG,South Africa,ZAF,-0.317760427,4.200000001,1.321862237,0.664552308,1.157946952,1.556783847,0.259935577,-6.168917715,4.955032594,1.91147996,0.698485194,0.579853692
GDP growth (annual %),NY.GDP.MKTP.KD.ZG,South Sudan,SSD,..,..,-10.79336463,..,..,..,..,..,..,..,..,..
GDP growth (annual %),NY.GDP.MKTP.KD.ZG,Spain,ESP,3.781393551,5.200641256,4.060866725,2.915155986,2.896042079,2.395411245,1.961178508,-10.94007064,6.683144205,6.1793122,2.675663463,3.150195645
GDP growth (annual %),NY.GDP.MKTP.KD.ZG,Sri Lanka,LKA,6.399995311,6.000033158,4.205955477,5.05362489,6.460681271,2.310084255,-0.220483887,-4.624515037,4.207476495,-7.349193013,-2.32984819,5.00871931
GDP growth (annual %),NY.GDP.MKTP.KD.ZG,St. Kitts and Nevis,KNA,4.877251516,10.04280842,0.694135528,3.932703193,0.220941147,2.003525498,2.938246581,-15.30188917,0.367606879,10.34240405,4.328557716,1.166440229
GDP growth (annual %),NY.GDP.MKTP.KD.ZG,St. Lucia,LCA,9.89070152,0.048748554,0.101917836,3.427872145,3.379826173,2.886779022,-0.700322396,-24.36147321,11.59878358,20.38844318,2.209882765,3.891750242
GDP growth (annual %),NY.GDP.MKTP.KD.ZG,St. Martin (French part),MAF,..,..,1,5,-8.00000324,-7.999995069,6.500003637,-12.50000225,4.899999671,..,..,..
GDP growth (annual %),NY.GDP.MKTP.KD.ZG,St. Vincent and the Grenadines,VCT,4.149186785,1.639031904,2.783161194,4.145931682,1.448830634,3.175611442,0.668428481,-4.268924344,2.093401245,3.110833003,5.326364721,4.061834901
GDP growth (annual %),NY.GDP.MKTP.KD.ZG,Sudan,SDN,-5.470053774,6.34586744,1.910176891,3.467642184,0.709256285,-2.68093055,-2.178251045,-3.629800824,-1.868520483,-0.957816591,-29.43327183,-13.49329206
GDP growth (annual %),NY.GDP.MKTP.KD.ZG,Suriname,SUR,-4.499999998,2.099998868,-3.413042681,-4.911660509,1.566037825,4.948271085,1.167589772,-15.97519171,-2.435385836,2.406222356,2.539566754,2.839586028
GDP growth (annual %),NY.GDP.MKTP.KD.ZG,Sweden,SWE,0.754674761,4.631116004,4.410140687,2.349740807,1.825156018,1.902964573,2.549647872,-2.005337522,5.937508589,1.4592885,-0.114161935,0.973832213
GDP growth (annual %),NY.GDP.MKTP.KD.ZG,Switzerland,CHE,3.674625501,3.958719908,1.644627508,2.06868969,1.362799655,2.860445794,1.14198219,-2.14173712,5.559620206,3.04406103,0.683328174,1.302333325
GDP growth (annual %),NY.GDP.MKTP.KD.ZG,Syrian Arab Republic,SYR,3.739555902,0.675642589,-4.179791613,-6.405590739,-0.723281777,1.393176078,1.220705221,-0.697154504,1.854215901,0.732781302,-1.207264203,..
GDP growth (annual %),NY.GDP.MKTP.KD.ZG,Tajikistan,TJK,-0.599999631,8.324324495,6.019303318,6.9,7.100000419,7.59999889,7.400000163,4.400001116,9.39999955,8.000000338,8.299999217,8.39999981
GDP growth (annual %),NY.GDP.MKTP.KD.ZG,Tanzania,TZA,7.045071642,4.520784636,6.160628774,6.867116196,6.762277168,5.468081815,5.8,1.991964606,4.321384295,4.566005764,5.069523532,5.526313831
GDP growth (annual %),NY.GDP.MKTP.KD.ZG,Thailand,THA,11.16716344,4.455247043,3.134047249,3.435157717,4.177681032,4.222870287,2.114557796,-6.050038469,1.552166084,2.580378747,2.017750953,2.525961758
GDP growth (annual %),NY.GDP.MKTP.KD.ZG,Timor-Leste,TLS,..,58.07809593,2.480040402,3.009930626,-3.182415225,0.000114755,23.41201358,31.96191857,5.315538537,-20.54158475,-18.12479096,-2.189121556
GDP growth (annual %),NY.GDP.MKTP.KD.ZG,Togo,TGO,-0.243656134,-0.78347961,5.468031293,4.214895609,4.008133262,4.79506027,4.922925917,1.992155019,5.990876104,5.759542515,6.407922156,5.300005314
GDP growth (annual %),NY.GDP.MKTP.KD.ZG,Tonga,TON,-2.044091514,3.75409745,1.113744024,6.598698794,3.202319762,0.687546507,-0.208433391,1.783395899,0.362604273,-2.309864445,2.084155836,..
GDP growth (annual %),NY.GDP.MKTP.KD.ZG,Trinidad and Tobago,TTO,1.509167843,6.901359591,-0.564816953,-7.403453266,-4.818588907,-0.985525083,0.471813384,-8.90279446,-0.911992867,1.08222234,1.427113398,1.650603346
GDP growth (annual %),NY.GDP.MKTP.KD.ZG,Tunisia,TUN,7.949819437,4.709972914,0.967703108,1.117425949,2.23783868,2.624930109,1.587846655,-9.011934124,4.736320748,2.673318218,0.039156567,1.350652535
GDP growth (annual %),NY.GDP.MKTP.KD.ZG,Turkiye,TUR,9.266146671,6.933239705,6.084486904,3.323084208,7.501997489,3.013170393,0.818514527,1.85987304,11.43939569,5.533427875,5.111168185,3.184024355
GDP growth (annual %),NY.GDP.MKTP.KD.ZG,Turkmenistan,TKM,35.38455811,5.469064133,6.49999991,6.199999966,6.500000047,6.199999941,6.300000042,5.900000049,6.200000017,6.199999936,6.300157585,2.264117227
GDP growth (annual %),NY.GDP.MKTP.KD.ZG,Turks and Caicos Islands,TCA,..,..,11.31482939,7.251186276,-2.490222604,91.13703887,4.981705494,-33.81709734,29.62937817,14.08712342,13.73114811,5.636825174
GDP growth (annual %),NY.GDP.MKTP.KD.ZG,Tuvalu,TUV,15.376,-0.970489206,10.41666667,5.660377358,2.448392857,1.387283842,13.82209844,-4.274932069,1.804135911,0.677309361,3.852809195,..
GDP growth (annual %),NY.GDP.MKTP.KD.ZG,Uganda,UGA,6.474140153,3.141907338,5.18785986,4.781000293,3.131405517,6.303923783,6.438745033,2.951306422,3.536580341,4.588021922,5.336972955,6.136452018
GDP growth (annual %),NY.GDP.MKTP.KD.ZG,Ukraine,UKR,-6.345235128,5.9,-9.772987213,2.440981945,2.359972281,3.48836234,3.199503864,-3.75281794,3.445620659,-28.75858422,5.534733547,2.913822215
GDP growth (annual %),NY.GDP.MKTP.KD.ZG,United Arab Emirates,ARE,18.32798553,10.85270422,6.786772877,5.56149076,0.735068714,1.313913882,1.108348135,-4.957052433,4.354755297,7.509697035,3.618706531,3.761615446
GDP growth (annual %),NY.GDP.MKTP.KD.ZG,United Kingdom,GBR,0.73375547,4.341634193,2.222888423,1.921710099,2.656504876,1.40519026,1.62447518,-10.29691886,8.575950874,4.839085179,0.397082346,1.100667866
GDP growth (annual %),NY.GDP.MKTP.KD.ZG,United States,USA,1.885965583,4.07758576,2.945550456,1.819451476,2.457622302,2.966505069,2.58382533,-2.163029139,6.055052933,2.51237532,2.887556009,2.796190356
GDP growth (annual %),NY.GDP.MKTP.KD.ZG,Uruguay,URY,0.297348379,-1.929930635,0.370741258,1.68979823,1.740376434,0.164777609,0.928351141,-7.357327065,5.844273126,4.486227031,0.742128785,3.108254781
GDP growth (annual %),NY.GDP.MKTP.KD.ZG,Uzbekistan,UZB,1.600000006,3.835,7.218773508,5.9321508,4.395274633,5.559195729,6.779923997,1.563342773,8.034683126,6.001342322,6.291416351,6.5
GDP growth (annual %),NY.GDP.MKTP.KD.ZG,Vanuatu,VUT,11.6956998,5.924809057,3.965919464,3.471544715,4.412665986,2.900230273,3.241187655,-4.992491429,-1.552294891,5.186228624,-0.964792282,3.967258306
GDP growth (annual %),NY.GDP.MKTP.KD.ZG,"Venezuela, RB",VEN,6.467940853,3.686944167,..,..,..,..,..,..,..,..,..,..
GDP growth (annual %),NY.GDP.MKTP.KD.ZG,Viet Nam,VNM,5.100918139,6.787316405,6.987154306,6.690008927,6.940190374,7.465006856,7.359262701,2.865413209,2.553728526,8.537500468,5.065023915,7.091187466
GDP growth (annual %),NY.GDP.MKTP.KD.ZG,Virgin Islands (U.S.),VIR,..,..,-0.425079702,1.600853789,-0.735294118,1.878306878,2.908335497,-1.614938178,3.667607079,-1.311232063,..,..
GDP growth (annual %),NY.GDP.MKTP.KD.ZG,West Bank and Gaza,PSE,..,-8.555572684,3.721299671,8.86461882,1.419367563,1.227077378,1.362687466,-11.31846611,7.011982276,4.082760273,-4.555804285,-26.55752645
GDP growth (annual %),NY.GDP.MKTP.KD.ZG,"Yemen, Rep.",YEM,..,6.181915593,-27.99454624,-9.375123824,-5.071795643,0.752447592,..,..,..,..,..,..
GDP growth (annual %),NY.GDP.MKTP.KD.ZG,Zambia,ZMB,-0.481072028,3.897322943,2.920375112,3.755100317,3.525862771,4.034493897,1.441306026,-2.785055065,6.234922047,5.211223604,5.367942855,4.043148299
GDP growth (annual %),NY.GDP.MKTP.KD.ZG,Zimbabwe,ZWE,6.988552933,-3.059189749,1.779853541,0.755794054,4.734411226,5.009921382,-6.332449751,-7.816932841,8.468039169,6.139176174,5.336770373,2.029484143
GDP growth (annual %),NY.GDP.MKTP.KD.ZG,Africa Eastern and Southern,AFE,0.175867256,3.212167483,3.003366929,2.195991207,2.696237829,2.665038075,2.200340433,-2.859783921,4.563568076,3.555768787,1.891307387,2.76680373
GDP growth (annual %),NY.GDP.MKTP.KD.ZG,Africa Western and Central,AFW,5.696880313,3.842478629,2.92800961,0.194177489,2.296167547,2.904654375,3.282162998,-0.984117425,4.030000306,3.974963545,3.357986995,4.176102889
GDP growth (annual %),NY.GDP.MKTP.KD.ZG,Arab World,ARB,7.855519749,6.346471293,3.294223489,3.549283519,1.604825896,2.642845209,1.726916137,-4.757144996,4.40457596,6.995413818,1.504355199,1.548919124
GDP growth (annual %),NY.GDP.MKTP.KD.ZG,Caribbean small states,CSS,-0.272230777,4.69599855,-0.130958705,-3.025265497,-0.787701926,1.231056407,0.919134168,-9.113253104,6.47906911,15.01815716,9.007951962,13.34432587
GDP growth (annual %),NY.GDP.MKTP.KD.ZG,Central Europe and the Baltics,CEB,..,3.946045632,4.001782991,2.807055342,5.107007659,5.064130423,4.026711247,-3.315368105,6.546076817,4.036664142,0.763278132,1.963305524
GDP growth (annual %),NY.GDP.MKTP.KD.ZG,Early-demographic dividend,EAR,5.04379719,4.371125418,4.413747216,4.403902718,4.648945068,3.841097654,2.387191247,-4.215304366,7.5064814,5.960194603,4.61090087,3.582461041
GDP growth (annual %),NY.GDP.MKTP.KD.ZG,East Asia & Pacific,EAS,5.069409592,5.438450954,4.720185771,4.646374698,5.049621897,4.784312839,4.043729245,-0.054128673,6.339735835,2.990471595,4.193954951,3.894593151
GDP growth (annual %),NY.GDP.MKTP.KD.ZG,East Asia & Pacific (excluding high income),EAP,5.154023727,7.728795371,6.661428219,6.510077292,6.666690914,6.537190092,5.885793589,1.345288965,7.719798659,3.545375004,5.254778219,4.962599562
GDP growth (annual %),NY.GDP.MKTP.KD.ZG,East Asia & Pacific (IDA & IBRD countries),TEA,5.153054565,7.727841165,6.661433801,6.509920702,6.666422263,6.537036066,5.885713247,1.345178138,7.719486073,3.545315885,5.254717635,4.962607116
GDP growth (annual %),NY.GDP.MKTP.KD.ZG,Euro area,EMU,3.591050517,3.901856922,2.141031946,1.822468563,2.597494935,1.770512572,1.627560572,-6.046391112,6.358447428,3.543154143,0.418696305,0.863297008
GDP growth (annual %),NY.GDP.MKTP.KD.ZG,Europe & Central Asia,ECS,2.289360826,4.381298626,2.098006806,1.881967805,2.873175145,2.124173249,1.85681538,-5.407884962,6.766424481,3.30115667,1.069446516,1.515784511
GDP growth (annual %),NY.GDP.MKTP.KD.ZG,Europe & Central Asia (excluding high income),ECA,2.750693168,6.779109989,3.569412736,2.781793574,5.819172013,3.497398368,2.306489344,0.295023817,9.044767936,3.105834461,5.075840028,3.751939096
GDP growth (annual %),NY.GDP.MKTP.KD.ZG,Europe & Central Asia (IDA & IBRD countries),TEC,-1.457614541,7.36998831,1.486926666,1.86009301,4.293525805,3.732052017,2.698036798,-1.461610846,7.480577145,1.947473937,3.841757011,3.673075862
GDP growth (annual %),NY.GDP.MKTP.KD.ZG,European Union,EUU,3.297186706,3.933976003,2.370479841,1.946116118,2.794143052,2.054041412,1.877158567,-5.573432884,6.357135857,3.492143847,0.455502396,1.025367827
GDP growth (annual %),NY.GDP.MKTP.KD.ZG,Fragile and conflict affected situations,FCS,5.144425618,5.426591669,0.835340523,2.173370297,2.579468134,2.753263683,2.325652647,-5.024709608,2.481964111,1.256439533,1.973618938,1.669681038
GDP growth (annual %),NY.GDP.MKTP.KD.ZG,Heavily indebted poor countries (HIPC),HPC,-1.058791691,2.871516966,4.926056062,4.450955328,5.0267872,4.234449959,4.467945975,0.239495193,4.241882915,4.992135935,3.481205558,5.243779523
GDP growth (annual %),NY.GDP.MKTP.KD.ZG,High income,HIC,2.63195887,4.261059148,2.34360859,1.826358942,2.472115168,2.368536263,1.913669413,-3.874515987,5.843371454,3.00327835,1.821328486,1.926998288
GDP growth (annual %),NY.GDP.MKTP.KD.ZG,IBRD only,IBD,1.958636982,5.933845149,4.385941657,4.54607502,5.229673026,4.959699893,4.038930981,-1.249100268,7.624248969,3.735622516,4.82049142,4.313820387
GDP growth (annual %),NY.GDP.MKTP.KD.ZG,IDA & IBRD total,IBT,2.131105264,5.762620471,4.312034254,4.446219402,5.133629351,4.913963334,4.036007543,-1.219681221,7.384404843,3.782779701,4.685911207,4.306754137
GDP growth (annual %),NY.GDP.MKTP.KD.ZG,IDA blend,IDB,5.97484819,3.523842062,3.836712022,2.274977421,2.771253007,3.865219105,3.020933527,-1.418325389,5.264579167,4.365410161,2.736966647,3.870820166
GDP growth (annual %),NY.GDP.MKTP.KD.ZG,IDA only,IDX,1.224577855,4.361930501,3.030431452,4.27944114,5.205140873,4.845193389,4.967246492,-0.315913886,3.672506495,4.388092702,3.257498651,4.551613004
GDP growth (annual %),NY.GDP.MKTP.KD.ZG,IDA total,IDA,3.812246573,3.930607309,3.440019614,3.257274426,3.975798545,4.355948456,4.000133396,-0.858539024,4.451726221,4.376904626,3.000776529,4.216711516
GDP growth (annual %),NY.GDP.MKTP.KD.ZG,Late-demographic dividend,LTE,0.247622333,7.031921775,4.700943358,4.447474257,5.302069821,5.441093004,4.745541394,0.30369378,7.586253216,3.302867065,4.353489185,4.453015101
GDP growth (annual %),NY.GDP.MKTP.KD.ZG,Latin America & Caribbean,LCN,-0.37081204,3.619158977,0.403256653,-0.336758315,1.882573868,1.58926392,0.682798838,-6.617724975,7.082073772,3.968984133,2.253041576,2.265258831
GDP growth (annual %),NY.GDP.MKTP.KD.ZG,Latin America & Caribbean (excluding high income),LAC,-0.499818997,3.618532572,0.252793335,-0.540931679,1.977349704,1.552546371,0.600027444,-6.523609091,6.870404453,3.85173953,2.188569461,2.012113862
GDP growth (annual %),NY.GDP.MKTP.KD.ZG,Latin America & the Caribbean (IDA & IBRD countries),TLA,-0.237758697,3.593260803,0.361452946,-0.337830169,1.982244762,1.676508705,0.678258288,-6.52902364,7.28007816,4.000251756,2.338613193,2.244106075
GDP growth (annual %),NY.GDP.MKTP.KD.ZG,Least developed countries: UN classification,LDC,0.025991417,4.34518722,2.809399607,3.731999893,4.546304732,4.643983667,5.101977814,-0.099896524,2.821341743,4.773151155,3.052220268,3.863854857
GDP growth (annual %),NY.GDP.MKTP.KD.ZG,Low & middle income,LMY,3.135262223,5.573938127,4.706413747,4.738206248,5.319627721,5.009758985,4.136591408,-1.057443274,7.414215085,3.959051158,4.817737594,4.333464982
GDP growth (annual %),NY.GDP.MKTP.KD.ZG,Low income,LIC,-3.308808001,2.915099533,-2.102618442,0.694857096,1.787204711,2.769299758,3.455661893,-1.044167005,1.267428941,3.636677631,-0.202242108,2.332101941
GDP growth (annual %),NY.GDP.MKTP.KD.ZG,Lower middle income,LMC,5.111430288,4.203450988,5.933848493,5.688139515,5.453138164,5.434405272,4.070698133,-3.601667273,6.657983486,6.127844151,6.016327848,5.132162544
GDP growth (annual %),NY.GDP.MKTP.KD.ZG,"Middle East, North Africa, Afghanistan & Pakistan",MEA,8.568526751,6.368455407,2.727504608,4.484584976,2.244334425,2.610824091,1.486010942,-3.307831184,5.084887969,6.377450359,2.153758249,1.941874904
GDP growth (annual %),NY.GDP.MKTP.KD.ZG,"Middle East, North Africa, Afghanistan & Pakistan (excluding high income)",MNA,9.880115334,5.749205411,1.112090355,5.566940502,3.339703325,2.554068461,1.219077449,-2.86087725,4.468192981,4.179182938,2.838367183,1.965873987
GDP growth (annual %),NY.GDP.MKTP.KD.ZG,"Middle East, North Africa, Afghanistan & Pakistan (IDA & IBRD)",TMN,9.880115334,5.860393961,1.091977716,5.540859775,3.355369202,2.564691124,1.217942833,-2.793961031,4.449831577,4.179896002,2.892997514,2.161357134
GDP growth (annual %),NY.GDP.MKTP.KD.ZG,Middle income,MIC,3.260606923,5.624189325,4.805707135,4.79328224,5.365862378,5.038087593,4.145015186,-1.057606428,7.489763899,3.962784017,4.8756831,4.355499495
GDP growth (annual %),NY.GDP.MKTP.KD.ZG,North America,NAC,1.744436509,4.161970419,2.76110456,1.757413592,2.502844961,2.947893142,2.530365863,-2.387608409,6.046729566,2.640006331,2.784140411,2.700069253
GDP growth (annual %),NY.GDP.MKTP.KD.ZG,Not classified,INX,..,..,..,..,..,..,..,..,..,..,..,..
GDP growth (annual %),NY.GDP.MKTP.KD.ZG,OECD members,OED,2.937450525,4.104083148,2.517546352,1.843324478,2.570991032,2.337922851,1.858012493,-3.902176972,5.957089674,3.053474768,1.823307159,1.784524088
GDP growth (annual %),NY.GDP.MKTP.KD.ZG,Other small states,OSS,5.256827317,7.420403449,3.492773469,4.155151361,5.165118416,4.418847455,4.337806104,-5.797193478,7.740056167,4.619974866,2.684422431,2.935138727
GDP growth (annual %),NY.GDP.MKTP.KD.ZG,Pacific island small states,PSS,3.65152894,-1.520937331,4.008885312,3.648407727,3.871699983,2.76809486,1.153618841,-10.15092794,-2.688869231,9.374962278,5.054538148,4.001450985
GDP growth (annual %),NY.GDP.MKTP.KD.ZG,Post-demographic dividend,PST,2.704565901,4.046470549,2.237148596,1.793578382,2.44254705,2.245419795,1.836391128,-4.07885321,5.679215797,2.735376629,1.860861592,1.792525296
GDP growth (annual %),NY.GDP.MKTP.KD.ZG,Pre-demographic dividend,PRE,8.280222771,5.53479964,3.073844829,2.414147048,1.648049676,2.62073084,3.341231436,-2.535408553,3.187320497,4.298579278,2.285368839,3.099732872
GDP growth (annual %),NY.GDP.MKTP.KD.ZG,Small states,SST,2.96888982,6.039852305,2.317700258,1.812023074,3.271501679,3.39672635,3.195248759,-6.941072494,6.916227256,7.679198061,4.65816169,6.192074353
GDP growth (annual %),NY.GDP.MKTP.KD.ZG,South Asia,SAS,5.587171501,4.08685651,7.689739352,7.969123336,6.78411966,6.393666325,4.094543065,-4.987501736,9.246599597,7.101153926,8.505117854,6.224842254
GDP growth (annual %),NY.GDP.MKTP.KD.ZG,South Asia (IDA & IBRD),TSA,5.587171501,4.08685651,7.689739352,7.969123336,6.78411966,6.393666325,4.094543065,-4.987501736,9.246599597,7.101153926,8.505117854,6.224842254
GDP growth (annual %),NY.GDP.MKTP.KD.ZG,Sub-Saharan Africa,SSF,2.3401849,3.468443896,2.968378222,1.266905416,2.512523346,2.774838975,2.696697023,-1.994293579,4.314825749,3.750658318,2.574661538,3.428437595
GDP growth (annual %),NY.GDP.MKTP.KD.ZG,Sub-Saharan Africa (excluding high income),SSA,2.327521298,3.410986123,2.68639942,0.929693026,2.201462185,2.584185215,2.418589163,-2.397348217,4.244484535,3.653276276,2.343970901,3.195649928
GDP growth (annual %),NY.GDP.MKTP.KD.ZG,Sub-Saharan Africa (IDA & IBRD countries),TSS,2.3401849,3.468443896,2.968378222,1.266905416,2.512523346,2.774838975,2.696697023,-1.994293579,4.314825749,3.750658318,2.574661538,3.428437595
GDP growth (annual %),NY.GDP.MKTP.KD.ZG,Upper middle income,UMC,2.719757824,6.015745719,4.521732277,4.564986245,5.343357417,4.935786497,4.164289727,-0.398382934,7.698365196,3.425056159,4.584982081,4.154262263
GDP growth (annual %),NY.GDP.MKTP.KD.ZG,World,WLD,2.723395357,4.542101988,3.134515325,2.814360897,3.456341601,3.296091281,2.71004016,-2.849082347,6.419541277,3.359911383,2.943332731,2.863263026
,,,,,,,,,,,,,,,
,,,,,,,,,,,,,,,
,,,,,,,,,,,,,,,
Data from database: World Development Indicators,,,,,,,,,,,,,,,
Last Updated: 07/01/2025,,,,,,,,,,,,,,,
